,Model,Accuracy,Precision,Recall
1,2010-2014,0.9670619235836627,1.0,0.9670619235836627
3,2015-2019,0.9636160940508767,1.0,0.9636160940508767
0,all_time,0.9610823958650045,1.0,0.9610823958650045
2,recent,0.9492246883551232,1.0,0.9492246883551232
4,2020-2024,0.9472990777338604,1.0,0.9472990777338604
